,start_time,end_time,runtime,memory,channel_in,channel_out
0,1.64159825723064e+18,1.641598257726347e+18,495706612.0,68024404.0,314.0,0.0
1,1.6415982577265715e+18,1.6415982577325225e+18,5951056.0,68024404.0,0.0,0.0
2,1.6415982577327222e+18,1.6415982579539758e+18,221253673.0,68024404.0,0.0,314.0
3,1.6415982579541338e+18,1.6415982583267517e+18,372617937.0,68024404.0,314.0,0.0
4,1.6415982583270643e+18,1.6415982583318566e+18,4792338.0,68024404.0,0.0,0.0
5,1.6415982583320159e+18,1.641598258497863e+18,165847053.0,68024404.0,0.0,314.0
6,1.6415982584979965e+18,1.6415982588360266e+18,338030060.0,68024404.0,314.0,0.0
7,1.641598258836245e+18,1.6415982589922422e+18,155996999.0,68024404.0,0.0,314.0
